<metadata xml:lang="en"><Esri><CreaDate>20200313</CreaDate><CreaTime>15452200</CreaTime><ArcGISFormat>1.0</ArcGISFormat><SyncOnce>FALSE</SyncOnce><DataProperties><itemProps><itemName Sync="TRUE">Biomonitoring_Ziama2019_New</itemName><imsContentType Sync="TRUE">002</imsContentType><itemLocation><linkage Sync="TRUE">file://\\GISSPARELAP\C$\Users\HBranson\OneDrive - Fauna &amp; Flora International\Analytics\GIS_Clinic\Week 1\Materials\Biomonitoring_Ziama2019_New.shp</linkage><protocol Sync="TRUE">Local Area Network</protocol></itemLocation><itemSize Sync="TRUE">0.000</itemSize></itemProps><coordRef><type Sync="TRUE">Geographic</type><geogcsn Sync="TRUE">GCS_WGS_1984</geogcsn><csUnits Sync="TRUE">Angular Unit: Degree (0.017453)</csUnits><peXml Sync="TRUE">&lt;GeographicCoordinateSystem xsi:type='typens:GeographicCoordinateSystem' xmlns:xsi='http://www.w3.org/2001/XMLSchema-instance' xmlns:xs='http://www.w3.org/2001/XMLSchema' xmlns:typens='http://www.esri.com/schemas/ArcGIS/2.5.0'&gt;&lt;WKT&gt;GEOGCS[&amp;quot;GCS_WGS_1984&amp;quot;,DATUM[&amp;quot;D_WGS_1984&amp;quot;,SPHEROID[&amp;quot;WGS_1984&amp;quot;,6378137.0,298.257223563]],PRIMEM[&amp;quot;Greenwich&amp;quot;,0.0],UNIT[&amp;quot;Degree&amp;quot;,0.0174532925199433],AUTHORITY[&amp;quot;EPSG&amp;quot;,4326]]&lt;/WKT&gt;&lt;XOrigin&gt;-400&lt;/XOrigin&gt;&lt;YOrigin&gt;-400&lt;/YOrigin&gt;&lt;XYScale&gt;11258999068426.238&lt;/XYScale&gt;&lt;ZOrigin&gt;-100000&lt;/ZOrigin&gt;&lt;ZScale&gt;10000&lt;/ZScale&gt;&lt;MOrigin&gt;-100000&lt;/MOrigin&gt;&lt;MScale&gt;10000&lt;/MScale&gt;&lt;XYTolerance&gt;8.983152841195215e-09&lt;/XYTolerance&gt;&lt;ZTolerance&gt;0.001&lt;/ZTolerance&gt;&lt;MTolerance&gt;0.001&lt;/MTolerance&gt;&lt;HighPrecision&gt;true&lt;/HighPrecision&gt;&lt;LeftLongitude&gt;-180&lt;/LeftLongitude&gt;&lt;WKID&gt;4326&lt;/WKID&gt;&lt;LatestWKID&gt;4326&lt;/LatestWKID&gt;&lt;/GeographicCoordinateSystem&gt;</peXml></coordRef><lineage><Process ToolSource="c:\users\hbranson\appdata\local\programs\arcgis\pro\Resources\ArcToolbox\toolboxes\Data Management Tools.tbx\Merge" Date="20200313" Time="154522">Merge memory\points_empty_20200313154521;memory\table_empty_20200313154521 "C:\Users\hbranson\OneDrive - Fauna &amp; Flora International\Africa\Liberia\Biomonitoring\Biomonitoring_LibGui\Biomonitoring_LibGui.gdb\ZiamaBIO2019_XYTableToPoint" "ID "ID" true true false 5000 Text 0 0,First,#,memory\table_empty_20200313154521,ID,0,5000;Date "Date" true true false 8 Date 0 0,First,#,memory\table_empty_20200313154521,Date,-1,-1;Season "Season" true true false 5000 Text 0 0,First,#,memory\table_empty_20200313154521,Season,0,5000;Latitude "Latitude" true true false 8 Double 0 0,First,#,memory\table_empty_20200313154521,Latitude,-1,-1;Longitude "Longitude" true true false 8 Double 0 0,First,#,memory\table_empty_20200313154521,Longitude,-1,-1;Species "Species" true true false 5000 Text 0 0,First,#,memory\table_empty_20200313154521,Species,0,5000;Indicator "Indicator" true true false 5000 Text 0 0,First,#,memory\table_empty_20200313154521,Indicator,0,5000;State "State" true true false 5000 Text 0 0,First,#,memory\table_empty_20200313154521,State,0,5000;Environment "Environment" true true false 5000 Text 0 0,First,#,memory\table_empty_20200313154521,Environment,0,5000;Comments "Comments" true true false 5000 Text 0 0,First,#,memory\table_empty_20200313154521,Comments,0,5000" NO_SOURCE_INFO</Process><Process ToolSource="c:\users\hbranson\appdata\local\programs\arcgis\pro\Resources\ArcToolbox\toolboxes\Data Management Tools.tbx\XYTableToPoint" Date="20200313" Time="154523">XYTableToPoint ZiamaBIO2019$ "C:\Users\hbranson\OneDrive - Fauna &amp; Flora International\Africa\Liberia\Biomonitoring\Biomonitoring_LibGui\Biomonitoring_LibGui.gdb\ZiamaBIO2019_XYTableToPoint" Longitude Latitude # "GEOGCS['GCS_WGS_1984',DATUM['D_WGS_1984',SPHEROID['WGS_1984',6378137.0,298.257223563]],PRIMEM['Greenwich',0.0],UNIT['Degree',0.0174532925199433]];-400 -400 1000000000;-100000 10000;-100000 10000;8.98315284119521E-09;0.001;0.001;IsHighPrecision"</Process><Process ToolSource="c:\users\hbranson\appdata\local\programs\arcgis\pro\Resources\ArcToolbox\toolboxes\Data Management Tools.tbx\Rename" Date="20200313" Time="154800">Rename "C:\Users\hbranson\OneDrive - Fauna &amp; Flora International\Africa\Liberia\Biomonitoring\Biomonitoring_LibGui\Biomonitoring_LibGui.gdb\ZiamaBIO2019_XYTableToPoint" "C:\Users\hbranson\OneDrive - Fauna &amp; Flora International\Africa\Liberia\Biomonitoring\Biomonitoring_LibGui\Biomonitoring_LibGui.gdb\BIO2019_Ziama" FeatureClass</Process><Process ToolSource="c:\users\hbranson\appdata\local\programs\arcgis\pro\Resources\ArcToolbox\toolboxes\Conversion Tools.tbx\FeatureClassToFeatureClass" Date="20200415" Time="172841">FeatureClassToFeatureClass BIO2019_Ziama C:\Users\HBranson\AppData\Local\Temp\ArcGISProTemp2968\6162f273-439f-4dc9-ab70-d754b49350f7\Default.gdb BIO2019_Ziama # "ID "ID" true true false 5000 Text 0 0,First,#,BIO2019_Ziama,ID,0,5000;Date "Date" true true false 8 Date 0 0,First,#,BIO2019_Ziama,Date,-1,-1;Season "Season" true true false 5000 Text 0 0,First,#,BIO2019_Ziama,Season,0,5000;Latitude "Latitude" true true false 8 Double 0 0,First,#,BIO2019_Ziama,Latitude,-1,-1;Longitude "Longitude" true true false 8 Double 0 0,First,#,BIO2019_Ziama,Longitude,-1,-1;Species "Species" true true false 5000 Text 0 0,First,#,BIO2019_Ziama,Species,0,5000;Indicator "Indicator" true true false 5000 Text 0 0,First,#,BIO2019_Ziama,Indicator,0,5000;State "State" true true false 5000 Text 0 0,First,#,BIO2019_Ziama,State,0,5000;Environment "Environment" true true false 5000 Text 0 0,First,#,BIO2019_Ziama,Environment,0,5000;Comments "Comments" true true false 5000 Text 0 0,First,#,BIO2019_Ziama,Comments,0,5000" #</Process><Process ToolSource="c:\users\hbranson\appdata\local\programs\arcgis\pro\Resources\ArcToolbox\toolboxes\Data Management Tools.tbx\DeleteField" Date="20200415" Time="172914">DeleteField BIO2019_Ziama ID</Process><Process ToolSource="c:\users\hbranson\appdata\local\programs\arcgis\pro\Resources\ArcToolbox\toolboxes\Data Management Tools.tbx\DeleteField" Date="20200415" Time="172948">DeleteField BIO2019_Ziama Season</Process><Process ToolSource="c:\users\hbranson\appdata\local\programs\arcgis\pro\Resources\ArcToolbox\toolboxes\Data Management Tools.tbx\DeleteField" Date="20200415" Time="173005">DeleteField BIO2019_Ziama Comments</Process><Process ToolSource="c:\users\hbranson\appdata\local\programs\arcgis\pro\Resources\ArcToolbox\toolboxes\Data Management Tools.tbx\DeleteField" Date="20200415" Time="173011">DeleteField BIO2019_Ziama Environment</Process><Process ToolSource="c:\users\hbranson\appdata\local\programs\arcgis\pro\Resources\ArcToolbox\toolboxes\Data Management Tools.tbx\DeleteField" Date="20200415" Time="173036">DeleteField BIO2019_Ziama State</Process><Process ToolSource="c:\users\hbranson\appdata\local\programs\arcgis\pro\Resources\ArcToolbox\toolboxes\Conversion Tools.tbx\FeatureClassToFeatureClass" Date="20200415" Time="175014">FeatureClassToFeatureClass BIO2019_Ziama "C:\Users\HBranson\OneDrive - Fauna &amp; Flora International\Analytics\GIS_Clinic\Week 1\Materials" Biomonitoring_Ziama2019.shp # "Date "Date" true true false 8 Date 0 0,First,#,BIO2019_Ziama,Date,-1,-1;Latitude "Latitude" true true false 8 Double 0 0,First,#,BIO2019_Ziama,Latitude,-1,-1;Longitude "Longitude" true true false 8 Double 0 0,First,#,BIO2019_Ziama,Longitude,-1,-1;Species "Species" true true false 5000 Text 0 0,First,#,BIO2019_Ziama,Species,0,5000;Indicator "Indicator" true true false 5000 Text 0 0,First,#,BIO2019_Ziama,Indicator,0,5000" #</Process><Process ToolSource="c:\users\hbranson\appdata\local\programs\arcgis\pro\Resources\ArcToolbox\toolboxes\Data Management Tools.tbx\CalculateGeometryAttributes" Date="20200416" Time="121755">CalculateGeometryAttributes Biomonitoring_Ziama2019 "Latitude POINT_Y;Longitude POINT_X" # # # "Same as input"</Process><Process ToolSource="c:\users\hbranson\appdata\local\programs\arcgis\pro\Resources\ArcToolbox\toolboxes\Conversion Tools.tbx\FeatureClassToFeatureClass" Date="20200416" Time="122952">FeatureClassToFeatureClass Biomonitoring_Ziama2019 "C:\Users\HBranson\OneDrive - Fauna &amp; Flora International\Analytics\GIS_Clinic\Week 1\Materials" Biomonitoring_Ziama2019_New.shp # "Date "Date" true true false 8 Date 0 0,First,#,Biomonitoring_Ziama2019,Date,-1,-1;Latitude "Latitude" true true false 19 Double 0 0,First,#,Biomonitoring_Ziama2019,Latitude,-1,-1;Longitude "Longitude" true true false 19 Double 0 0,First,#,Biomonitoring_Ziama2019,Longitude,-1,-1;Species "Species" true true false 254 Text 0 0,First,#,Biomonitoring_Ziama2019,Species,0,254;Indicator "Indicator" true true false 254 Text 0 0,First,#,Biomonitoring_Ziama2019,Indicator,0,254" #</Process><Process ToolSource="c:\users\hbranson\appdata\local\programs\arcgis\pro\Resources\ArcToolbox\toolboxes\Data Management Tools.tbx\Rename" Date="20200416" Time="123008">Rename "C:\Users\HBranson\OneDrive - Fauna &amp; Flora International\Analytics\GIS_Clinic\Week 1\Materials\Biomonitoring_Ziama2019_New.shp" "C:\Users\HBranson\OneDrive - Fauna &amp; Flora International\Analytics\GIS_Clinic\Week 1\Materials\Biomonitoring_Ziama2019.shp" ShapeFile</Process><Process ToolSource="c:\users\hbranson\appdata\local\programs\arcgis\pro\Resources\ArcToolbox\toolboxes\Data Management Tools.tbx\UpdateSchema" Date="20200421" Time="110042">UpdateSchema "CIMDATA=&lt;CIMStandardDataConnection xsi:type='typens:CIMStandardDataConnection' xmlns:xsi='http://www.w3.org/2001/XMLSchema-instance' xmlns:xs='http://www.w3.org/2001/XMLSchema' xmlns:typens='http://www.esri.com/schemas/ArcGIS/2.5.0'&gt;&lt;WorkspaceConnectionString&gt;DATABASE=C:\Users\HBranson\OneDrive - Fauna &amp;amp; Flora International\Analytics\GIS_Clinic\Week 1\Materials&lt;/WorkspaceConnectionString&gt;&lt;WorkspaceFactory&gt;Shapefile&lt;/WorkspaceFactory&gt;&lt;Dataset&gt;Biomonitoring_Ziama2019.shp&lt;/Dataset&gt;&lt;DatasetType&gt;esriDTFeatureClass&lt;/DatasetType&gt;&lt;/CIMStandardDataConnection&gt;" &lt;operationSequence&gt;&lt;workflow&gt;&lt;AlterField&gt;&lt;field_name&gt;Date&lt;/field_name&gt;&lt;field_is_nullable&gt;False&lt;/field_is_nullable&gt;&lt;clear_field_alias&gt;False&lt;/clear_field_alias&gt;&lt;/AlterField&gt;&lt;/workflow&gt;&lt;workflow&gt;&lt;AddField&gt;&lt;field_name&gt;Test&lt;/field_name&gt;&lt;field_type&gt;DOUBLE&lt;/field_type&gt;&lt;field_is_nullable&gt;False&lt;/field_is_nullable&gt;&lt;field_is_required&gt;False&lt;/field_is_required&gt;&lt;/AddField&gt;&lt;/workflow&gt;&lt;/operationSequence&gt;</Process><Process ToolSource="c:\users\hbranson\appdata\local\programs\arcgis\pro\Resources\ArcToolbox\toolboxes\Data Management Tools.tbx\UpdateSchema" Date="20200421" Time="110048">UpdateSchema "CIMDATA=&lt;CIMStandardDataConnection xsi:type='typens:CIMStandardDataConnection' xmlns:xsi='http://www.w3.org/2001/XMLSchema-instance' xmlns:xs='http://www.w3.org/2001/XMLSchema' xmlns:typens='http://www.esri.com/schemas/ArcGIS/2.5.0'&gt;&lt;WorkspaceConnectionString&gt;DATABASE=C:\Users\HBranson\OneDrive - Fauna &amp;amp; Flora International\Analytics\GIS_Clinic\Week 1\Materials&lt;/WorkspaceConnectionString&gt;&lt;WorkspaceFactory&gt;Shapefile&lt;/WorkspaceFactory&gt;&lt;Dataset&gt;Biomonitoring_Ziama2019.shp&lt;/Dataset&gt;&lt;DatasetType&gt;esriDTFeatureClass&lt;/DatasetType&gt;&lt;/CIMStandardDataConnection&gt;" &lt;operationSequence&gt;&lt;workflow&gt;&lt;AlterField&gt;&lt;field_name&gt;Date&lt;/field_name&gt;&lt;field_is_nullable&gt;False&lt;/field_is_nullable&gt;&lt;clear_field_alias&gt;False&lt;/clear_field_alias&gt;&lt;/AlterField&gt;&lt;/workflow&gt;&lt;/operationSequence&gt;</Process><Process ToolSource="c:\users\hbranson\appdata\local\programs\arcgis\pro\Resources\ArcToolbox\toolboxes\Data Management Tools.tbx\UpdateSchema" Date="20200421" Time="110052">UpdateSchema "CIMDATA=&lt;CIMStandardDataConnection xsi:type='typens:CIMStandardDataConnection' xmlns:xsi='http://www.w3.org/2001/XMLSchema-instance' xmlns:xs='http://www.w3.org/2001/XMLSchema' xmlns:typens='http://www.esri.com/schemas/ArcGIS/2.5.0'&gt;&lt;WorkspaceConnectionString&gt;DATABASE=C:\Users\HBranson\OneDrive - Fauna &amp;amp; Flora International\Analytics\GIS_Clinic\Week 1\Materials&lt;/WorkspaceConnectionString&gt;&lt;WorkspaceFactory&gt;Shapefile&lt;/WorkspaceFactory&gt;&lt;Dataset&gt;Biomonitoring_Ziama2019.shp&lt;/Dataset&gt;&lt;DatasetType&gt;esriDTFeatureClass&lt;/DatasetType&gt;&lt;/CIMStandardDataConnection&gt;" &lt;operationSequence&gt;&lt;workflow&gt;&lt;AlterField&gt;&lt;field_name&gt;Date&lt;/field_name&gt;&lt;field_is_nullable&gt;False&lt;/field_is_nullable&gt;&lt;clear_field_alias&gt;False&lt;/clear_field_alias&gt;&lt;/AlterField&gt;&lt;/workflow&gt;&lt;/operationSequence&gt;</Process><Process ToolSource="c:\users\hbranson\appdata\local\programs\arcgis\pro\Resources\ArcToolbox\toolboxes\Data Management Tools.tbx\DeleteField" Date="20200421" Time="110139">DeleteField "Biomonitoring (Ziama; 2019)" Test</Process></lineage></DataProperties><SyncDate>20200416</SyncDate><SyncTime>12295200</SyncTime><ModDate>20200416</ModDate><ModTime>12295200</ModTime></Esri><dataIdInfo><envirDesc Sync="TRUE">Microsoft Windows 10 Version 10.0 (Build 18363) ; Esri ArcGIS 12.5.0.22081</envirDesc><dataLang><languageCode value="eng" Sync="TRUE"></languageCode><countryCode value="GBR" Sync="TRUE"></countryCode></dataLang><idCitation><resTitle Sync="TRUE">Biomonitoring_Ziama2019_New</resTitle><presForm><PresFormCd value="005" Sync="TRUE"></PresFormCd></presForm></idCitation><spatRpType><SpatRepTypCd value="001" Sync="TRUE"></SpatRepTypCd></spatRpType></dataIdInfo><mdLang><languageCode value="eng" Sync="TRUE"></languageCode><countryCode value="GBR" Sync="TRUE"></countryCode></mdLang><mdChar><CharSetCd value="004" Sync="TRUE"></CharSetCd></mdChar><distInfo><distFormat><formatName Sync="TRUE">Shapefile</formatName></distFormat><distTranOps><transSize Sync="TRUE">0.000</transSize></distTranOps></distInfo><mdHrLv><ScopeCd value="005" Sync="TRUE"></ScopeCd></mdHrLv><mdHrLvName Sync="TRUE">dataset</mdHrLvName><refSysInfo><RefSystem><refSysID><identCode code="4326" Sync="TRUE"></identCode><idCodeSpace Sync="TRUE">EPSG</idCodeSpace><idVersion Sync="TRUE">6.14(3.0.1)</idVersion></refSysID></RefSystem></refSysInfo><spatRepInfo><VectSpatRep><geometObjs Name="Biomonitoring_Ziama2019_New"><geoObjTyp><GeoObjTypCd value="004" Sync="TRUE"></GeoObjTypCd></geoObjTyp><geoObjCnt Sync="TRUE">0</geoObjCnt></geometObjs><topLvl><TopoLevCd value="001" Sync="TRUE"></TopoLevCd></topLvl></VectSpatRep></spatRepInfo><spdoinfo><ptvctinf><esriterm Name="Biomonitoring_Ziama2019_New"><efeatyp Sync="TRUE">Simple</efeatyp><efeageom code="1" Sync="TRUE"></efeageom><esritopo Sync="TRUE">FALSE</esritopo><efeacnt Sync="TRUE">0</efeacnt><spindex Sync="TRUE">FALSE</spindex><linrefer Sync="TRUE">TRUE</linrefer></esriterm></ptvctinf></spdoinfo><eainfo><detailed Name="Biomonitoring_Ziama2019_New"><enttyp><enttypl Sync="TRUE">Biomonitoring_Ziama2019_New</enttypl><enttypt Sync="TRUE">Feature Class</enttypt><enttypc Sync="TRUE">0</enttypc></enttyp><attr><attrlabl Sync="TRUE">FID</attrlabl><attalias Sync="TRUE">FID</attalias><attrtype Sync="TRUE">OID</attrtype><attwidth Sync="TRUE">4</attwidth><atprecis Sync="TRUE">0</atprecis><attscale Sync="TRUE">0</attscale><attrdef Sync="TRUE">Internal feature number.</attrdef><attrdefs Sync="TRUE">Esri</attrdefs><attrdomv><udom Sync="TRUE">Sequential unique whole numbers that are automatically generated.</udom></attrdomv></attr><attr><attrlabl Sync="TRUE">Shape</attrlabl><attalias Sync="TRUE">Shape</attalias><attrtype Sync="TRUE">Geometry</attrtype><attwidth Sync="TRUE">0</attwidth><atprecis Sync="TRUE">0</atprecis><attscale Sync="TRUE">0</attscale><attrdef Sync="TRUE">Feature geometry.</attrdef><attrdefs Sync="TRUE">Esri</attrdefs><attrdomv><udom Sync="TRUE">Coordinates defining the features.</udom></attrdomv></attr><attr><attrlabl Sync="TRUE">Date</attrlabl><attalias Sync="TRUE">Date</attalias><attrtype Sync="TRUE">Date</attrtype><attwidth Sync="TRUE">8</attwidth><atprecis Sync="TRUE">0</atprecis><attscale Sync="TRUE">0</attscale></attr><attr><attrlabl Sync="TRUE">Latitude</attrlabl><attalias Sync="TRUE">Latitude</attalias><attrtype Sync="TRUE">Double</attrtype><attwidth Sync="TRUE">19</attwidth><atprecis Sync="TRUE">0</atprecis><attscale Sync="TRUE">0</attscale></attr><attr><attrlabl Sync="TRUE">Longitude</attrlabl><attalias Sync="TRUE">Longitude</attalias><attrtype Sync="TRUE">Double</attrtype><attwidth Sync="TRUE">19</attwidth><atprecis Sync="TRUE">0</atprecis><attscale Sync="TRUE">0</attscale></attr><attr><attrlabl Sync="TRUE">Species</attrlabl><attalias Sync="TRUE">Species</attalias><attrtype Sync="TRUE">String</attrtype><attwidth Sync="TRUE">254</attwidth><atprecis Sync="TRUE">0</atprecis><attscale Sync="TRUE">0</attscale></attr><attr><attrlabl Sync="TRUE">Indicator</attrlabl><attalias Sync="TRUE">Indicator</attalias><attrtype Sync="TRUE">String</attrtype><attwidth Sync="TRUE">254</attwidth><atprecis Sync="TRUE">0</atprecis><attscale Sync="TRUE">0</attscale></attr></detailed></eainfo><mdDateSt Sync="TRUE">20200416</mdDateSt></metadata>
